{
  "project_info": {
    "project_number": "769676103944",
    "firebase_url": "https://indirimler-0.firebaseio.com",
    "project_id": "indirimler-0",
    "storage_bucket": "indirimler-0.appspot.com"
  },
  "client": [
    {
      "client_info": {
        "mobilesdk_app_id": "1:769676103944:android:3f3310f8dc6e9074af1cbd",
        "android_client_info": {
          "package_name": "com.brtzl.indirimler"
        }
      },
      "oauth_client": [
        {
          "client_id": "769676103944-ks1nlcb0grn21a07cl84o36ottfsli8n.apps.googleusercontent.com",
          "client_type": 3
        }
      ],
      "api_key": [
        {
          "current_key": "AIzaSyCnSldMwLQa8hgD0IVWncitBa-KX0vnm0Q"
        }
      ],
      "services": {
        "appinvite_service": {
          "other_platform_oauth_client": [
            {
              "client_id": "769676103944-ks1nlcb0grn21a07cl84o36ottfsli8n.apps.googleusercontent.com",
              "client_type": 3
            },
            {
              "client_id": "769676103944-remm1pntqtkmskh0nfskdhdl5gli3cqj.apps.googleusercontent.com",
              "client_type": 2,
              "ios_info": {
                "bundle_id": "com.brtzl.indirimler"
              }
            }
          ]
        }
      }
    }
  ],
  "configuration_version": "1"
}